INSERT INTO `pengguna` (`id`, `nama_lengkap`, `email`, `password`, `pin`, `jenis_kelamin`, `nomor_telepon`, `jenis_akun`, `remember_token`, `created_at`, `updated_at`) 
VALUES
(1, 'Galang Sadewa', 'ahmad.fauzi@gmail.com', '$2y$12$nR/.lrUjjsRqxfgLruYRE.B2RN5kxA4Wpx9psayuzB3Bvcwhl6Y7e', NULL, 'laki-laki', '081234560001', 'umum', NULL, NULL, NULL),
(2, 'Budi Santoso', 'budi.santoso@gmail.com', '$2y$12$nR/.lrUjjsRqxfgLruYRE.B2RN5kxA4Wpx9psayuzB3Bvcwhl6Y7e', NULL, 'laki-laki', '081234560002', 'pelajar', NULL, NULL, NULL),
(3, 'Pitra Maharani', 'citra.maharani@gmail.com', '$2y$12$nR/.lrUjjsRqxfgLruYRE.B2RN5kxA4Wpx9psayuzB3Bvcwhl6Y7e', NULL, 'perempuan', '081234560003', 'pelajar', NULL, NULL, NULL),
(4, 'Dewi Anggraini', 'dewi.anggraini@gmail.com', '$2y$12$nR/.lrUjjsRqxfgLruYRE.B2RN5kxA4Wpx9psayuzB3Bvcwhl6Y7e', NULL, 'perempuan', '081234560004', 'pelajar', NULL, NULL, NULL),
(5, 'Eko Prasetyo', 'eko.prasetyo@gmail.com', '$2y$12$nR/.lrUjjsRqxfgLruYRE.B2RN5kxA4Wpx9psayuzB3Bvcwhl6Y7e', NULL, 'laki-laki', '081234560005', 'umum', NULL, NULL, NULL),
(6, 'Ganar Kurniawan', 'fajar.kurniawan@gmail.com', '$2y$12$nR/.lrUjjsRqxfgLruYRE.B2RN5kxA4Wpx9psayuzB3Bvcwhl6Y7e', NULL, 'laki-laki', '081234560006', 'umum', NULL, NULL, NULL),
(7, 'Gita Nuraini', 'gita.nuraini@gmail.com', '$2y$12$nR/.lrUjjsRqxfgLruYRE.B2RN5kxA4Wpx9psayuzB3Bvcwhl6Y7e', NULL, 'perempuan', '081234560007', 'pelajar', NULL, NULL, NULL),
(8, 'Hendra Saputra', 'hendra.saputra@gmail.com', '$2y$12$nR/.lrUjjsRqxfgLruYRE.B2RN5kxA4Wpx9psayuzB3Bvcwhl6Y7e', NULL, 'laki-laki', '081234560008', 'umum', NULL, NULL, NULL),
(9, 'Lika Permata Sari', 'intan.permata@gmail.com', '$2y$12$nR/.lrUjjsRqxfgLruYRE.B2RN5kxA4Wpx9psayuzB3Bvcwhl6Y7e', NULL, 'perempuan', '081234560009', 'pelajar', NULL, NULL, NULL),
(10, 'Joko Susanto', 'joko.susanto@gmail.com', '$2y$12$nR/.lrUjjsRqxfgLruYRE.B2RN5kxA4Wpx9psayuzB3Bvcwhl6Y7e', NULL, 'laki-laki', '081234560010', 'umum', NULL, NULL, NULL),
(11, 'Kartika Putri', 'kartika.putri@gmail.com', '$2y$12$nR/.lrUjjsRqxfgLruYRE.B2RN5kxA4Wpx9psayuzB3Bvcwhl6Y7e', NULL, 'perempuan', '081234560011', 'pelajar', NULL, NULL, NULL),
(12, 'Lestari Wijayanti', 'lestari.wijayanti@gmail.com', '$2y$12$nR/.lrUjjsRqxfgLruYRE.B2RN5kxA4Wpx9psayuzB3Bvcwhl6Y7e', NULL, 'perempuan', '081234560012', 'pelajar', NULL, NULL, NULL),
(13, 'Mulyadi Rahman', 'mulyadi.rahman@gmail.com', '$2y$12$nR/.lrUjjsRqxfgLruYRE.B2RN5kxA4Wpx9psayuzB3Bvcwhl6Y7e', NULL, 'laki-laki', '081234560013', 'umum', NULL, NULL, NULL),
(14, 'Nina Susilawati', 'nina.susilawati@gmail.com', '$2y$12$nR/.lrUjjsRqxfgLruYRE.B2RN5kxA4Wpx9psayuzB3Bvcwhl6Y7e', NULL, 'perempuan', '081234560014', 'pelajar', NULL, NULL, NULL),
(15, 'Oki Setiawan', 'oki.setiawan@gmail.com', '$2y$12$nR/.lrUjjsRqxfgLruYRE.B2RN5kxA4Wpx9psayuzB3Bvcwhl6Y7e', NULL, 'laki-laki', '081234560015', 'umum', NULL, NULL, NULL),
(16, 'Putri Ayu', 'putri.ayu@gmail.com', '$2y$12$nR/.lrUjjsRqxfgLruYRE.B2RN5kxA4Wpx9psayuzB3Bvcwhl6Y7e', NULL, 'perempuan', '081234560016', 'pelajar', NULL, NULL, NULL),
(17, 'Rudi Hartono', 'rudi.hartono@gmail.com', '$2y$12$nR/.lrUjjsRqxfgLruYRE.B2RN5kxA4Wpx9psayuzB3Bvcwhl6Y7e', NULL, 'laki-laki', '081234560017', 'umum', NULL, NULL, NULL),
(18, 'Sari Wulandari', 'sari.wulandari@gmail.com', '$2y$12$nR/.lrUjjsRqxfgLruYRE.B2RN5kxA4Wpx9psayuzB3Bvcwhl6Y7e', NULL, 'perempuan', '081234560018', 'pelajar', NULL, NULL, NULL),
(19, 'Taufik Hidayat', 'taufik.hidayat@gmail.com', '$2y$12$nR/.lrUjjsRqxfgLruYRE.B2RN5kxA4Wpx9psayuzB3Bvcwhl6Y7e', NULL, 'laki-laki', '081234560019', 'umum', NULL, NULL, NULL),
(20, 'Umi Kalsum', 'umi.kalsum@gmail.com', '$2y$12$nR/.lrUjjsRqxfgLruYRE.B2RN5kxA4Wpx9psayuzB3Bvcwhl6Y7e', NULL, 'perempuan', '081234560020', 'pelajar', NULL, NULL, NULL),
(21, 'Aulia', 'admin@gmail.com', '$2y$12$.T.9zPkS798x.poLoPD1t.5jN2CD4V8eNbKvjPKJTRiVm978TqWeC', NULL, 'perempuan', '081234567890', 'admin', 'jdqdqRQ8Dfky6fukM3tJr1HPWlrcA3fX7Si99Z3PDS0d3GanWWlkBuSDSNAy', '2024-06-17 04:03:46', '2024-06-17 04:03:46'),
(22, 'Wahyu Nugroho', 'wahyu.nugroho@gmail.com', '$2y$12$nR/.lrUjjsRqxfgLruYRE.B2RN5kxA4Wpx9psayuzB3Bvcwhl6Y7e', NULL, 'laki-laki', '081234560022', 'umum', NULL, NULL, NULL),
(23, 'Xenia Widjaja', 'xenia.widjaja@gmail.com', '$2y$12$nR/.lrUjjsRqxfgLruYRE.B2RN5kxA4Wpx9psayuzB3Bvcwhl6Y7e', NULL, 'perempuan', '081234560023', 'pelajar', NULL, NULL, NULL),
(24, 'Yuda Pratama', 'yuda.pratama@gmail.com', '$2y$12$nR/.lrUjjsRqxfgLruYRE.B2RN5kxA4Wpx9psayuzB3Bvcwhl6Y7e', NULL, 'laki-laki', '081234560024', 'umum', NULL, NULL, NULL),
(25, 'Zainal Abidin', 'zainal.abidin@gmail.com', '$2y$12$nR/.lrUjjsRqxfgLruYRE.B2RN5kxA4Wpx9psayuzB3Bvcwhl6Y7e', NULL, 'laki-laki', '081234560025', 'umum', NULL, NULL, NULL),
(26, 'Arif Budiman', 'arif.budiman@gmail.com', '$2y$12$nR/.lrUjjsRqxfgLruYRE.B2RN5kxA4Wpx9psayuzB3Bvcwhl6Y7e', NULL, 'laki-laki', '081234560026', 'umum', NULL, NULL, NULL),
(27, 'Bella Permatasari', 'bella.permatasari@gmail.com', '$2y$12$nR/.lrUjjsRqxfgLruYRE.B2RN5kxA4Wpx9psayuzB3Bvcwhl6Y7e', NULL, 'perempuan', '081234560027', 'pelajar', NULL, NULL, NULL),
(28, 'Cakra Wijaya', 'cakra.wijaya@gmail.com', '$2y$12$nR/.lrUjjsRqxfgLruYRE.B2RN5kxA4Wpx9psayuzB3Bvcwhl6Y7e', NULL, 'laki-laki', '081234560028', 'umum', NULL, NULL, NULL),
(29, 'Desi Ratnasari', 'desi.ratnasari@gmail.com', '$2y$12$nR/.lrUjjsRqxfgLruYRE.B2RN5kxA4Wpx9psayuzB3Bvcwhl6Y7e', NULL, 'perempuan', '081234560029', 'pelajar', NULL, NULL, NULL),
(30, 'Eka Saputra', 'eka.saputra@gmail.com', '$2y$12$nR/.lrUjjsRqxfgLruYRE.B2RN5kxA4Wpx9psayuzB3Bvcwhl6Y7e', NULL, 'laki-laki', '081234560030', 'umum', NULL, NULL, NULL),
(31, 'Fitri Nuraini', 'fitri.nuraini@gmail.com', '$2y$12$nR/.lrUjjsRqxfgLruYRE.B2RN5kxA4Wpx9psayuzB3Bvcwhl6Y7e', NULL, 'perempuan', '081234560031', 'pelajar', NULL, NULL, NULL),
(32, 'Guntur Ramadhan', 'guntur.ramadhan@gmail.com', '$2y$12$nR/.lrUjjsRqxfgLruYRE.B2RN5kxA4Wpx9psayuzB3Bvcwhl6Y7e', NULL, 'laki-laki', '081234560032', 'umum', NULL, NULL, NULL),
(33, 'Heri Susanto', 'heri.susanto@gmail.com', '$2y$12$nR/.lrUjjsRqxfgLruYRE.B2RN5kxA4Wpx9psayuzB3Bvcwhl6Y7e', NULL, 'laki-laki', '081234560033', 'umum', NULL, NULL, NULL),
(34, 'Indah Lestari', 'indah.lestari@gmail.com', '$2y$12$nR/.lrUjjsRqxfgLruYRE.B2RN5kxA4Wpx9psayuzB3Bvcwhl6Y7e', NULL, 'perempuan', '081234560034', 'pelajar', NULL, NULL, NULL),
(35, 'Johan Pratama', 'johan.pratama@gmail.com', '$2y$12$nR/.lrUjjsRqxfgLruYRE.B2RN5kxA4Wpx9psayuzB3Bvcwhl6Y7e', NULL, 'laki-laki', '081234560035', 'umum', NULL, NULL, NULL),
(36, 'Kiki Amelia', 'kiki.amelia@gmail.com', '$2y$12$nR/.lrUjjsRqxfgLruYRE.B2RN5kxA4Wpx9psayuzB3Bvcwhl6Y7e', NULL, 'perempuan', '081234560036', 'pelajar', NULL, NULL, NULL),
(37, 'Lina Kurniasari', 'lina.kurniasari@gmail.com', '$2y$12$nR/.lrUjjsRqxfgLruYRE.B2RN5kxA4Wpx9psayuzB3Bvcwhl6Y7e', NULL, 'perempuan', '081234560037', 'pelajar', NULL, NULL, NULL),
(38, 'Maya Sari', 'maya.sari@gmail.com', '$2y$12$nR/.lrUjjsRqxfgLruYRE.B2RN5kxA4Wpx9psayuzB3Bvcwhl6Y7e', NULL, 'perempuan', '081234560038', 'pelajar', NULL, NULL, NULL),
(39, 'Novi Wijayanti', 'novi.wijayanti@gmail.com', '$2y$12$nR/.lrUjjsRqxfgLruYRE.B2RN5kxA4Wpx9psayuzB3Bvcwhl6Y7e', NULL, 'perempuan', '081234560039', 'pelajar', NULL, NULL, NULL),
(40, 'Olla Ramadhani', 'olla.ramadhani@gmail.com', '$2y$12$nR/.lrUjjsRqxfgLruYRE.B2RN5kxA4Wpx9psayuzB3Bvcwhl6Y7e', NULL, 'perempuan', '081234560040', 'pelajar', NULL, NULL, NULL),
(41, 'Putra Kurniawan', 'putra.kurniawan@gmail.com', '$2y$12$nR/.lrUjjsRqxfgLruYRE.B2RN5kxA4Wpx9psayuzB3Bvcwhl6Y7e', NULL, 'laki-laki', '081234560041', 'umum', NULL, NULL, NULL),
(42, 'Rina Wijayanti', 'rina.wijayanti@gmail.com', '$2y$12$nR/.lrUjjsRqxfgLruYRE.B2RN5kxA4Wpx9psayuzB3Bvcwhl6Y7e', NULL, 'perempuan', '081234560042', 'pelajar', NULL, NULL, NULL),
(43, 'Sigit Pratama', 'sigit.pratama@gmail.com', '$2y$12$nR/.lrUjjsRqxfgLruYRE.B2RN5kxA4Wpx9psayuzB3Bvcwhl6Y7e', NULL, 'laki-laki', '081234560043', 'umum', NULL, NULL, NULL),
(44, 'Toni Hartono', 'toni.hartono@gmail.com', '$2y$12$nR/.lrUjjsRqxfgLruYRE.B2RN5kxA4Wpx9psayuzB3Bvcwhl6Y7e', NULL, 'laki-laki', '081234560044', 'umum', NULL, NULL, NULL),
(45, 'Ujang Sutrisno', 'ujang.sutrisno@gmail.com', '$2y$12$nR/.lrUjjsRqxfgLruYRE.B2RN5kxA4Wpx9psayuzB3Bvcwhl6Y7e', NULL, 'laki-laki', '081234560045', 'umum', NULL, NULL, NULL),
(46, 'Vita Ramadhani', 'vita.ramadhani@gmail.com', '$2y$12$nR/.lrUjjsRqxfgLruYRE.B2RN5kxA4Wpx9psayuzB3Bvcwhl6Y7e', NULL, 'perempuan', '081234560046', 'pelajar', NULL, NULL, NULL),
(47, 'Wisnu Nugroho', 'wisnu.nugroho@gmail.com', '$2y$12$nR/.lrUjjsRqxfgLruYRE.B2RN5kxA4Wpx9psayuzB3Bvcwhl6Y7e', NULL, 'laki-laki', '081234560047', 'umum', NULL, NULL, NULL),
(48, 'Yuli Susanti', 'yuli.susanti@gmail.com', '$2y$12$nR/.lrUjjsRqxfgLruYRE.B2RN5kxA4Wpx9psayuzB3Bvcwhl6Y7e', NULL, 'perempuan', '081234560048', 'pelajar', NULL, NULL, NULL),
(49, 'Zulfan Pratama', 'zulfan.pratama@gmail.com', '$2y$12$nR/.lrUjjsRqxfgLruYRE.B2RN5kxA4Wpx9psayuzB3Bvcwhl6Y7e', NULL, 'laki-laki', '081234560049', 'umum', NULL, NULL, NULL),
(50, 'Aldi Saputra', 'aldi.saputra@gmail.com', '$2y$12$nR/.lrUjjsRqxfgLruYRE.B2RN5kxA4Wpx9psayuzB3Bvcwhl6Y7e', NULL, 'laki-laki', '081234560050', 'umum', NULL, NULL, NULL),
(51, 'Bunga Maharani', 'bunga.maharani@gmail.com', '$2y$12$nR/.lrUjjsRqxfgLruYRE.B2RN5kxA4Wpx9psayuzB3Bvcwhl6Y7e', NULL, 'perempuan', '081234560051', 'pelajar', NULL, NULL, NULL),
(52, 'Candra Wijaya', 'candra.wijaya@gmail.com', '$2y$12$nR/.lrUjjsRqxfgLruYRE.B2RN5kxA4Wpx9psayuzB3Bvcwhl6Y7e', NULL, 'laki-laki', '081234560052', 'umum', NULL, NULL, NULL),
(53, 'Dimas Pratama', 'dimas.pratama@gmail.com', '$2y$12$nR/.lrUjjsRqxfgLruYRE.B2RN5kxA4Wpx9psayuzB3Bvcwhl6Y7e', NULL, 'laki-laki', '081234560053', 'umum', NULL, NULL, NULL),
(54, 'Endah Wulandari', 'endah.wulandari@gmail.com', '$2y$12$nR/.lrUjjsRqxfgLruYRE.B2RN5kxA4Wpx9psayuzB3Bvcwhl6Y7e', NULL, 'perempuan', '081234560054', 'pelajar', NULL, NULL, NULL),
(55, 'Farhan Kurniawan', 'farhan.kurniawan@gmail.com', '$2y$12$nR/.lrUjjsRqxfgLruYRE.B2RN5kxA4Wpx9psayuzB3Bvcwhl6Y7e', NULL, 'laki-laki', '081234560055', 'umum', NULL, NULL, NULL),
(56, 'Galih Permana', 'galih.permana@gmail.com', '$2y$12$nR/.lrUjjsRqxfgLruYRE.B2RN5kxA4Wpx9psayuzB3Bvcwhl6Y7e', NULL, 'laki-laki', '081234560056', 'umum', NULL, NULL, NULL),
(57, 'Hari Setiawan', 'hari.setiawan@gmail.com', '$2y$12$nR/.lrUjjsRqxfgLruYRE.B2RN5kxA4Wpx9psayuzB3Bvcwhl6Y7e', NULL, 'laki-laki', '081234560057', 'umum', NULL, NULL, NULL),
(58, 'Ismail Rahman', 'ismail.rahman@gmail.com', '$2y$12$nR/.lrUjjsRqxfgLruYRE.B2RN5kxA4Wpx9psayuzB3Bvcwhl6Y7e', NULL, 'laki-laki', '081234560058', 'umum', NULL, NULL, NULL),
(59, 'Juna Permana', 'juna.permana@gmail.com', '$2y$12$nR/.lrUjjsRqxfgLruYRE.B2RN5kxA4Wpx9psayuzB3Bvcwhl6Y7e', NULL, 'laki-laki', '081234560059', 'umum', NULL, NULL, NULL),
(60, 'Kartini Sari', 'kartini.sari@gmail.com', '$2y$12$nR/.lrUjjsRqxfgLruYRE.B2RN5kxA4Wpx9psayuzB3Bvcwhl6Y7e', NULL, 'perempuan', '081234560060', 'pelajar', NULL, NULL, NULL),
(61, 'Lisa Susanti', 'lisa.susanti@gmail.com', '$2y$12$nR/.lrUjjsRqxfgLruYRE.B2RN5kxA4Wpx9psayuzB3Bvcwhl6Y7e', NULL, 'perempuan', '081234560061', 'pelajar', NULL, NULL, NULL),
(62, 'Miko Pratama', 'miko.pratama@gmail.com', '$2y$12$nR/.lrUjjsRqxfgLruYRE.B2RN5kxA4Wpx9psayuzB3Bvcwhl6Y7e', NULL, 'laki-laki', '081234560062', 'umum', NULL, NULL, NULL),
(63, 'Nanda Permata', 'nanda.permata@gmail.com', '$2y$12$nR/.lrUjjsRqxfgLruYRE.B2RN5kxA4Wpx9psayuzB3Bvcwhl6Y7e', NULL, 'perempuan', '081234560063', 'pelajar', NULL, NULL, NULL),
(64, 'Omar Wijaya', 'omar.wijaya@gmail.com', '$2y$12$nR/.lrUjjsRqxfgLruYRE.B2RN5kxA4Wpx9psayuzB3Bvcwhl6Y7e', NULL, 'laki-laki', '081234560064', 'umum', NULL, NULL, NULL),
(65, 'Putu Susanto', 'putu.susanto@gmail.com', '$2y$12$nR/.lrUjjsRqxfgLruYRE.B2RN5kxA4Wpx9psayuzB3Bvcwhl6Y7e', NULL, 'laki-laki', '081234560065', 'umum', NULL, NULL, NULL),
(66, 'Qori Maharani', 'qori.maharani@gmail.com', '$2y$12$nR/.lrUjjsRqxfgLruYRE.B2RN5kxA4Wpx9psayuzB3Bvcwhl6Y7e', NULL, 'perempuan', '081234560066', 'pelajar', NULL, NULL, NULL),
(67, 'Rizki Pratama', 'rizki.pratama@gmail.com', '$2y$12$nR/.lrUjjsRqxfgLruYRE.B2RN5kxA4Wpx9psayuzB3Bvcwhl6Y7e', NULL, 'laki-laki', '081234560067', 'umum', NULL, NULL, NULL),
(68, 'Sinta Ayu', 'sinta.ayu@gmail.com', '$2y$12$nR/.lrUjjsRqxfgLruYRE.B2RN5kxA4Wpx9psayuzB3Bvcwhl6Y7e', NULL, 'perempuan', '081234560068', 'pelajar', NULL, NULL, NULL),
(69, 'Tia Anggraini', 'tia.anggraini@gmail.com', '$2y$12$nR/.lrUjjsRqxfgLruYRE.B2RN5kxA4Wpx9psayuzB3Bvcwhl6Y7e', NULL, 'perempuan', '081234560069', 'pelajar', NULL, NULL, NULL),
(70, 'Ucup Setiawan', 'ucup.setiawan@gmail.com', '$2y$12$nR/.lrUjjsRqxfgLruYRE.B2RN5kxA4Wpx9psayuzB3Bvcwhl6Y7e', NULL, 'laki-laki', '081234560070', 'umum', NULL, NULL, NULL),
(71, 'Vina Susanti', 'vina.susanti@gmail.com', '$2y$12$nR/.lrUjjsRqxfgLruYRE.B2RN5kxA4Wpx9psayuzB3Bvcwhl6Y7e', NULL, 'perempuan', '081234560071', 'pelajar', NULL, NULL, NULL),
(72, 'Wulan Permata', 'wulan.permata@gmail.com', '$2y$12$nR/.lrUjjsRqxfgLruYRE.B2RN5kxA4Wpx9psayuzB3Bvcwhl6Y7e', NULL, 'perempuan', '081234560072', 'pelajar', NULL, NULL, NULL),
(73, 'Xena Pratama', 'xena.pratama@gmail.com', '$2y$12$nR/.lrUjjsRqxfgLruYRE.B2RN5kxA4Wpx9psayuzB3Bvcwhl6Y7e', NULL, 'perempuan', '081234560073', 'pelajar', NULL, NULL, NULL),
(74, 'Yoga Kurniawan', 'yoga.kurniawan@gmail.com', '$2y$12$nR/.lrUjjsRqxfgLruYRE.B2RN5kxA4Wpx9psayuzB3Bvcwhl6Y7e', NULL, 'laki-laki', '081234560074', 'umum', NULL, NULL, NULL),
(75, 'Zulfa Anggraini', 'zulfa.anggraini@gmail.com', '$2y$12$nR/.lrUjjsRqxfgLruYRE.B2RN5kxA4Wpx9psayuzB3Bvcwhl6Y7e', NULL, 'perempuan', '081234560075', 'pelajar', NULL, NULL, NULL),
(76, 'Agus Pratama', 'agus.pratama@gmail.com', '$2y$12$nR/.lrUjjsRqxfgLruYRE.B2RN5kxA4Wpx9psayuzB3Bvcwhl6Y7e', NULL, 'laki-laki', '081234560076', 'umum', NULL, NULL, NULL),
(77, 'Bambang Wijaya', 'bambang.wijaya@gmail.com', '$2y$12$nR/.lrUjjsRqxfgLruYRE.B2RN5kxA4Wpx9psayuzB3Bvcwhl6Y7e', NULL, 'laki-laki', '081234560077', 'umum', NULL, NULL, NULL),
(78, 'Cici Permata', 'cici.permata@gmail.com', '$2y$12$nR/.lrUjjsRqxfgLruYRE.B2RN5kxA4Wpx9psayuzB3Bvcwhl6Y7e', NULL, 'perempuan', '081234560078', 'pelajar', NULL, NULL, NULL),
(79, 'Dede Suryani', 'dede.suryani@gmail.com', '$2y$12$nR/.lrUjjsRqxfgLruYRE.B2RN5kxA4Wpx9psayuzB3Bvcwhl6Y7e', NULL, 'perempuan', '081234560079', 'pelajar', NULL, NULL, NULL),
(80, 'Eris Setiawan', 'eris.setiawan@gmail.com', '$2y$12$nR/.lrUjjsRqxfgLruYRE.B2RN5kxA4Wpx9psayuzB3Bvcwhl6Y7e', NULL, 'laki-laki', '081234560080', 'umum', NULL, NULL, NULL),
(81, 'Fani Susanti', 'fani.susanti@gmail.com', '$2y$12$nR/.lrUjjsRqxfgLruYRE.B2RN5kxA4Wpx9psayuzB3Bvcwhl6Y7e', NULL, 'perempuan', '081234560081', 'pelajar', NULL, NULL, NULL),
(82, 'Gilang Permana', 'gilang.permana@gmail.com', '$2y$12$nR/.lrUjjsRqxfgLruYRE.B2RN5kxA4Wpx9psayuzB3Bvcwhl6Y7e', NULL, 'laki-laki', '081234560082', 'umum', NULL, NULL, NULL),
(83, 'Heri Pratama', 'heri.pratama@gmail.com', '$2y$12$nR/.lrUjjsRqxfgLruYRE.B2RN5kxA4Wpx9psayuzB3Bvcwhl6Y7e', NULL, 'laki-laki', '081234560083', 'umum', NULL, NULL, NULL),
(84, 'Indri Wulandari', 'indri.wulandari@gmail.com', '$2y$12$nR/.lrUjjsRqxfgLruYRE.B2RN5kxA4Wpx9psayuzB3Bvcwhl6Y7e', NULL, 'perempuan', '081234560084', 'pelajar', NULL, NULL, NULL),
(85, 'Joko Prasetyo', 'joko.prasetyo@gmail.com', '$2y$12$nR/.lrUjjsRqxfgLruYRE.B2RN5kxA4Wpx9psayuzB3Bvcwhl6Y7e', NULL, 'laki-laki', '081234560085', 'umum', NULL, NULL, NULL),
(86, 'Kartika Dewi', 'kartika.dewi@gmail.com', '$2y$12$nR/.lrUjjsRqxfgLruYRE.B2RN5kxA4Wpx9psayuzB3Bvcwhl6Y7e', NULL, 'perempuan', '081234560086', 'pelajar', NULL, NULL, NULL),
(87, 'Lina Ayu', 'lina.ayu@gmail.com', '$2y$12$nR/.lrUjjsRqxfgLruYRE.B2RN5kxA4Wpx9psayuzB3Bvcwhl6Y7e', NULL, 'perempuan', '081234560087', 'pelajar', NULL, NULL, NULL),
(88, 'Mira Susanti', 'mira.susanti@gmail.com', '$2y$12$nR/.lrUjjsRqxfgLruYRE.B2RN5kxA4Wpx9psayuzB3Bvcwhl6Y7e', NULL, 'perempuan', '081234560088', 'pelajar', NULL, NULL, NULL),
(89, 'Nia Permata', 'nia.permata@gmail.com', '$2y$12$nR/.lrUjjsRqxfgLruYRE.B2RN5kxA4Wpx9psayuzB3Bvcwhl6Y7e', NULL, 'perempuan', '081234560089', 'pelajar', NULL, NULL, NULL),
(90, 'Iki Wijaya', 'oki.wijaya@gmail.com', '$2y$12$nR/.lrUjjsRqxfgLruYRE.B2RN5kxA4Wpx9psayuzB3Bvcwhl6Y7e', NULL, 'laki-laki', '081234560090', 'umum', NULL, NULL, NULL),
(91, 'Putri Maharani', 'putri.maharani@gmail.com', '$2y$12$nR/.lrUjjsRqxfgLruYRE.B2RN5kxA4Wpx9psayuzB3Bvcwhl6Y7e', NULL, 'perempuan', '081234560091', 'pelajar', NULL, NULL, NULL),
(92, 'Pina Setiawati', 'rina.setiawati@gmail.com', '$2y$12$nR/.lrUjjsRqxfgLruYRE.B2RN5kxA4Wpx9psayuzB3Bvcwhl6Y7e', NULL, 'perempuan', '081234560092', 'pelajar', NULL, NULL, NULL),
(93, 'Sari Pratama', 'sari.pratama@gmail.com', '$2y$12$nR/.lrUjjsRqxfgLruYRE.B2RN5kxA4Wpx9psayuzB3Bvcwhl6Y7e', NULL, 'perempuan', '081234560093', 'pelajar', NULL, NULL, NULL),
(94, 'Tomi Kurniawan', 'tomi.kurniawan@gmail.com', '$2y$12$nR/.lrUjjsRqxfgLruYRE.B2RN5kxA4Wpx9psayuzB3Bvcwhl6Y7e', NULL, 'laki-laki', '081234560094', 'umum', NULL, NULL, NULL),
(95, 'Usman Pratama', 'usman.pratama@gmail.com', '$2y$12$nR/.lrUjjsRqxfgLruYRE.B2RN5kxA4Wpx9psayuzB3Bvcwhl6Y7e', NULL, 'laki-laki', '081234560095', 'umum', NULL, NULL, NULL),
(96, 'Fera Permata', 'vera.permata@gmail.com', '$2y$12$nR/.lrUjjsRqxfgLruYRE.B2RN5kxA4Wpx9psayuzB3Bvcwhl6Y7e', NULL, 'perempuan', '081234560096', 'pelajar', NULL, NULL, NULL),
(97, 'Wawan Susanto', 'wawan.susanto@gmail.com', '$2y$12$nR/.lrUjjsRqxfgLruYRE.B2RN5kxA4Wpx9psayuzB3Bvcwhl6Y7e', NULL, 'laki-laki', '081234560097', 'umum', NULL, NULL, NULL),
(98, 'Xenia Pratama', 'xenia.pratama@gmail.com', '$2y$12$nR/.lrUjjsRqxfgLruYRE.B2RN5kxA4Wpx9psayuzB3Bvcwhl6Y7e', NULL, 'perempuan', '081234560098', 'pelajar', NULL, NULL, NULL),
(99, 'Muli Maharani', 'yuli.maharani@gmail.com', '$2y$12$nR/.lrUjjsRqxfgLruYRE.B2RN5kxA4Wpx9psayuzB3Bvcwhl6Y7e', NULL, 'perempuan', '081234560099', 'pelajar', NULL, NULL, NULL),
(100, 'Baki Pratama', 'zaki.pratama@gmail.com', '$2y$12$nR/.lrUjjsRqxfgLruYRE.B2RN5kxA4Wpx9psayuzB3Bvcwhl6Y7e', NULL, 'laki-laki', '081234560100', 'umum', NULL, NULL, NULL);


INSERT INTO `rute` (`id`, `nama_rute`, `id_halte_awal`, `id_halte_akhir`, `id_halte_1`, `id_halte_2`, `id_halte_3`, `id_halte_4`, `id_halte_5`, `created_at`, `updated_at`) 
VALUES
(1, 'Prambanan - Janti', 1, 5, 1, 2, 3, 4, 5, NULL, NULL),
(2, 'UIN Sunan Kalijaga - Malioboro', 6, 10, 6, 7, 8, 9, 10, NULL, NULL),
(3, 'Kantor Pos Besar - Gembira Loka', 11, 15, 11, 12, 13, 14, 15, NULL, NULL),
(4, 'Condong Catur - Ambarukmo', 16, 20, 16, 17, 18, 19, 20, NULL, NULL),
(5, 'Jombor - Jokteng Wetan', 21, 25, 21, 22, 23, 24, 25, NULL, NULL),
(6, 'Tungkak - Pringgolayan', 26, 30, 26, 27, 28, 29, 30, NULL, NULL),
(7, 'Cendana - Kridosono', 31, 35, 31, 32, 33, 34, 35, NULL, NULL),
(8, 'Duna Wacana - Colombo', 36, 40, 36, 37, 38, 39, 40, NULL, NULL),
(9, 'SMPN 1 Yogyakarta - Kenari', 41, 45, 41, 42, 43, 44, 45, NULL, NULL),
(10, 'Among Rogo Kota - Jl.Purnomo', 46, 50, 46, 47, 48, 49, 50, NULL, NULL),
(11, 'SMP 9 Basen - Purawisata', 51, 55, 51, 52, 53, 54, 55, NULL, NULL),
(12, 'Tegal Gendu - Gowok', 56, 60, 56, 57, 58, 59, 60, NULL, NULL),
(13, 'Pru PU PJN - Hartono Mall', 61, 65, 61, 62, 63, 64, 65, NULL, NULL),
(14, 'Tegal Turi - Brontokusuman', 66, 70, 66, 67, 68, 69, 70, NULL, NULL),
(15, 'Pasar Gading - KHA Dahlan 2', 71, 75, 71, 72, 73, 74, 75, NULL, NULL),
(16, 'Bhayangkara - Perpusda Samsat', 76, 80, 76, 77, 78, 79, 80, NULL, NULL),
(17, 'SMP N 14 Yogyakarta - Fak. Peternakan UGM', 81, 85, 81, 82, 83, 84, 85, NULL, NULL),
(18, 'Urip Sumoharjo - Fakultas Biologi UGM', 86, 90, 86, 87, 88, 89, 90, NULL, NULL),
(19, 'Joglo Semar - Wolter Monginsidi', 91, 95, 91, 92, 93, 94, 95, NULL, NULL),
(20, 'Monjali - Kentungan', 96, 100, 96, 97, 98, 99, 100, NULL, NULL),
(21, 'BTN - SMPN 4 Depok', 101, 105, 101, 102, 103, 104, 105, NULL, NULL),
(22, 'Ambarketawang - Mualimin', 106, 110, 106, 107, 108, 109, 110, NULL, NULL),
(23, 'UMY - Madu Candhya', 111, 115, 111, 112, 113, 114, 115, NULL, NULL),
(24, 'RSI Hidayatullah - Ketandan', 116, 120, 116, 117, 118, 119, 120, NULL, NULL),
(25, 'SPBU Dukuh - Jogokaryan', 121, 125, 121, 122, 123, 124, 125, NULL, NULL);

INSERT INTO `bis` (`id`, `id_rute`, `kode_bis`, `created_at`, `updated_at`) 
VALUES
(1, 1, 'A1', NULL, NULL),
(2, 2, 'B2', NULL, NULL),
(3, 3, 'C3', NULL, NULL),
(4, 4, 'D4', NULL, NULL),
(5, 5, 'E5', NULL, NULL),
(6, 6, 'F6', NULL, NULL),
(7, 7, 'G7', NULL, NULL),
(8, 8, 'H8', NULL, NULL),
(9, 9, 'I9', NULL, NULL),
(10, 10, 'J10', NULL, NULL),
(11, 11, 'K11', NULL, NULL),
(12, 12, 'L12', NULL, NULL),
(13, 13, 'M13', NULL, NULL),
(14, 14, 'N14', NULL, NULL),
(15, 15, 'O15', NULL, NULL),
(16, 16, 'P16', NULL, NULL),
(17, 17, 'Q17', NULL, NULL),
(18, 18, 'R18', NULL, NULL),
(19, 19, 'S19', NULL, NULL),
(20, 20, 'T20', NULL, NULL),
(21, 21, 'U21', NULL, NULL),
(22, 22, 'V22', NULL, NULL),
(23, 23, 'W23', NULL, NULL),
(24, 24, 'X24', NULL, NULL),
(25, 25, 'Y25', NULL, NULL);

INSERT INTO `transaksi` (`id`, `id_pengguna`, `id_bis`, `tanggal_transaksi`, `created_at`, `updated_at`) 
VALUES
(1, 1, 5, '2024-01-01 10:00:00', NULL, NULL),
(2, 4, 5, '2024-01-02 10:00:00', NULL, NULL),
(3, 10, 5, '2024-01-03 10:00:00', NULL, NULL),
(4, 3, 1, '2024-01-04 10:00:00', NULL, NULL),
(5, 7, 1, '2024-01-05 10:00:00', NULL, NULL),
(6, 8, 5, '2024-01-06 10:00:00', NULL, NULL),
(7, 5, 9, '2024-01-07 10:00:00', NULL, NULL),
(8, 9, 10, '2024-01-08 10:00:00', NULL, NULL),
(9, 2, 2, '2024-01-09 10:00:00', NULL, NULL),
(10, 11, 7, '2024-01-10 10:00:00', NULL, NULL),
(11, 15, 3, '2024-01-11 10:00:00', NULL, NULL),
(12, 13, 8, '2024-01-12 10:00:00', NULL, NULL),
(13, 14, 12, '2024-01-13 10:00:00', NULL, NULL),
(14, 12, 15, '2024-01-14 10:00:00', NULL, NULL),
(15, 17, 4, '2024-01-15 10:00:00', NULL, NULL),
(16, 18, 6, '2024-01-16 10:00:00', NULL, NULL),
(17, 6, 3, '2024-01-17 10:00:00', NULL, NULL),
(18, 19, 1, '2024-01-18 10:00:00', NULL, NULL),
(19, 16, 5, '2024-02-01 10:00:00', NULL, NULL),
(20, 20, 10, '2024-02-02 10:00:00', NULL, NULL),
(21, 5, 3, '2024-02-03 10:00:00', NULL, NULL),
(22, 3, 6, '2024-02-04 10:00:00', NULL, NULL),
(23, 9, 5, '2024-02-05 10:00:00', NULL, NULL),
(24, 2, 2, '2024-02-06 10:00:00', NULL, NULL),
(25, 1, 4, '2024-02-07 10:00:00', NULL, NULL),
(26, 7, 5, '2024-02-08 10:00:00', NULL, NULL),
(27, 6, 10, '2024-02-09 10:00:00', NULL, NULL),
(28, 4, 15, '2024-02-10 10:00:00', NULL, NULL),
(29, 11, 9, '2024-02-11 10:00:00', NULL, NULL),
(30, 10, 25, '2024-02-12 10:00:00', NULL, NULL),
(31, 12, 6, '2024-02-13 10:00:00', NULL, NULL),
(32, 18, 3, '2024-02-14 10:00:00', NULL, NULL),
(33, 17, 1, '2024-02-15 10:00:00', NULL, NULL),
(34, 19, 19, '2024-02-16 10:00:00', NULL, NULL),
(35, 13, 2, '2024-02-17 10:00:00', NULL, NULL),
(36, 16, 5, '2024-02-18 10:00:00', NULL, NULL),
(37, 20, 8, '2024-02-19 10:00:00', NULL, NULL),
(38, 14, 1, '2024-02-20 10:00:00', NULL, NULL),
(39, 15, 5, '2024-03-01 10:00:00', NULL, NULL),
(40, 8, 9, '2024-03-02 10:00:00', NULL, NULL),
(41, 10, 3, '2024-03-03 10:00:00', NULL, NULL),
(42, 12, 7, '2024-03-04 10:00:00', NULL, NULL),
(43, 18, 12, '2024-03-05 10:00:00', NULL, NULL),
(44, 4, 4, '2024-03-06 10:00:00', NULL, NULL),
(45, 7, 5, '2024-03-07 10:00:00', NULL, NULL),
(46, 11, 1, '2024-03-08 10:00:00', NULL, NULL),
(47, 1, 6, '2024-03-09 10:00:00', NULL, NULL),
(48, 3, 11, '2024-03-10 10:00:00', NULL, NULL),
(49, 15, 16, '2024-03-11 10:00:00', NULL, NULL),
(50, 17, 5, '2024-03-12 10:00:00', NULL, NULL),
(51, 6, 9, '2024-03-13 10:00:00', NULL, NULL),
(52, 2, 10, '2024-03-14 10:00:00', NULL, NULL),
(53, 8, 1, '2024-03-15 10:00:00', NULL, NULL),
(54, 19, 10, '2024-03-16 10:00:00', NULL, NULL),
(55, 5, 25, '2024-03-17 10:00:00', NULL, NULL),
(56, 14, 4, '2024-03-18 10:00:00', NULL, NULL),
(57, 9, 3, '2024-03-19 10:00:00', NULL, NULL),
(58, 13, 1, '2024-03-20 10:00:00', NULL, NULL),
(59, 20, 19, '2024-03-21 10:00:00', NULL, NULL),
(60, 16, 5, '2024-03-22 10:00:00', NULL, NULL),
(61, 7, 3, '2024-04-01 10:00:00', NULL, NULL),
(62, 5, 8, '2024-04-02 10:00:00', NULL, NULL),
(63, 1, 13, '2024-04-03 10:00:00', NULL, NULL),
(64, 3, 5, '2024-04-04 10:00:00', NULL, NULL),
(65, 4, 23, '2024-04-05 10:00:00', NULL, NULL),
(66, 6, 2, '2024-04-06 10:00:00', NULL, NULL),
(67, 2, 7, '2024-04-07 10:00:00', NULL, NULL),
(68, 8, 12, '2024-04-08 10:00:00', NULL, NULL),
(69, 9, 15, '2024-04-09 10:00:00', NULL, NULL),
(70, 10, 4, '2024-04-10 10:00:00', NULL, NULL),
(71, 13, 5, '2024-04-11 10:00:00', NULL, NULL),
(72, 11, 6, '2024-04-12 10:00:00', NULL, NULL),
(73, 12, 11, '2024-04-13 10:00:00', NULL, NULL),
(74, 14, 8, '2024-04-14 10:00:00', NULL, NULL),
(75, 17, 2, '2024-04-15 10:00:00', NULL, NULL),
(76, 19, 25, '2024-04-16 10:00:00', NULL, NULL),
(77, 16, 4, '2024-04-17 10:00:00', NULL, NULL),
(78, 18, 7, '2024-04-18 10:00:00', NULL, NULL),
(79, 15, 9, '2024-04-19 10:00:00', NULL, NULL),
(80, 20, 6, '2024-04-20 10:00:00', NULL, NULL),
(81, 6, 3, '2024-05-01 10:00:00', NULL, NULL),
(82, 3, 5, '2024-05-02 10:00:00', NULL, NULL),
(83, 1, 1, '2024-05-03 10:00:00', NULL, NULL),
(84, 9, 12, '2024-05-04 10:00:00', NULL, NULL),
(85, 7, 6, '2024-05-05 10:00:00', NULL, NULL),
(86, 5, 10, '2024-05-06 10:00:00', NULL, NULL),
(87, 8, 8, '2024-05-07 10:00:00', NULL, NULL),
(88, 10, 5, '2024-05-08 10:00:00', NULL, NULL),
(89, 2, 15, '2024-05-09 10:00:00', NULL, NULL),
(90, 11, 25, '2024-05-10 10:00:00', NULL, NULL),
(91, 13, 4, '2024-05-11 10:00:00', NULL, NULL),
(92, 12, 7, '2024-05-12 10:00:00', NULL, NULL),
(93, 4, 1, '2024-05-13 10:00:00', NULL, NULL),
(94, 14, 9, '2024-05-14 10:00:00', NULL, NULL),
(95, 19, 8, '2024-05-15 10:00:00', NULL, NULL),
(96, 15, 6, '2024-05-16 10:00:00', NULL, NULL),
(97, 18, 5, '2024-05-17 10:00:00', NULL, NULL),
(98, 16, 12, '2024-05-18 10:00:00', NULL, NULL),
(99, 17, 3, '2024-05-19 10:00:00', NULL, NULL),
(100, 20, 10, '2024-05-20 10:00:00', NULL, NULL),
(101, 4, 19, '2024-05-21 10:00:00', NULL, NULL),
(102, 9, 1, '2024-05-22 10:00:00', NULL, NULL),
(103, 7, 25, '2024-06-01 10:00:00', NULL, NULL),
(104, 5, 5, '2024-06-02 10:00:00', NULL, NULL),
(105, 1, 3, '2024-06-03 10:00:00', NULL, NULL),
(106, 2, 4, '2024-06-04 10:00:00', NULL, NULL),
(107, 3, 1, '2024-06-05 10:00:00', NULL, NULL),
(108, 6, 6, '2024-06-06 10:00:00', NULL, NULL),
(109, 4, 9, '2024-06-07 10:00:00', NULL, NULL),
(110, 9, 7, '2024-06-08 10:00:00', NULL, NULL),
(111, 10, 2, '2024-06-09 10:00:00', NULL, NULL),
(112, 8, 5, '2024-06-10 10:00:00', NULL, NULL),
(113, 11, 15, '2024-06-11 10:00:00', NULL, NULL),
(114, 13, 25, '2024-06-12 10:00:00', NULL, NULL),
(115, 12, 1, '2024-06-13 10:00:00', NULL, NULL),
(116, 14, 6, '2024-06-14 10:00:00', NULL, NULL),
(117, 17, 3, '2024-06-15 10:00:00', NULL, NULL),
(118, 19, 10, '2024-06-16 10:00:00', NULL, NULL),
(119, 15, 8, '2024-06-17 10:00:00', NULL, NULL),
(120, 16, 4, '2024-06-18 10:00:00', NULL, NULL),
(121, 18, 9, '2024-06-19 10:00:00', NULL, NULL),
(122, 20, 12, '2024-06-20 10:00:00', NULL, NULL);



INSERT INTO `jadwal` (`id`, `id_bis`, `jam_keberangkatan_1`, `jam_keberangkatan_2`, `jam_keberangkatan_3`, `jam_keberangkatan_4`, `created_at`, `updated_at`) 
VALUES
(1, 1, '06:15:00', '13:45:00', '17:20:00', '19:00:00', NULL, NULL),
(2, 2, '07:00:00', '12:30:00', '15:45:00', '19:15:00', NULL, NULL),
(3, 3, '08:05:00', '11:40:00', '16:55:00', '19:00:00', NULL, NULL),
(4, 4, '09:10:00', '12:50:00', '17:30:00', '19:00:00', NULL, NULL),
(5, 5, '06:30:00', '13:00:00', '18:10:00', '19:40:00', NULL, NULL),
(6, 6, '07:45:00', '14:15:00', '16:25:00', '19:30:00', NULL, NULL),
(7, 7, '06:50:00', '12:20:00', '15:35:00', '19:50:00', NULL, NULL),
(8, 8, '08:25:00', '13:25:00', '18:20:00', '19:55:00', NULL, NULL),
(9, 9, '07:35:00', '11:50:00', '16:10:00', '18:05:00', NULL, NULL),
(10, 10, '06:40:00', '12:10:00', '15:25:00', '19:40:00', NULL, NULL),
(11, 11, '08:50:00', '13:35:00', '17:45:00', '18:10:00', NULL, NULL),
(12, 12, '07:20:00', '14:00:00', '18:30:00', '19:25:00', NULL, NULL),
(13, 13, '09:05:00', '12:45:00', '15:50:00', '18:20:00', NULL, NULL),
(14, 14, '06:55:00', '11:35:00', '17:15:00', '19:35:00', NULL, NULL),
(15, 15, '08:00:00', '12:00:00', '16:40:00', '18:05:00', NULL, NULL),
(16, 16, '07:10:00', '13:10:00', '17:00:00', '19:25:00', NULL, NULL),
(17, 17, '09:00:00', '14:20:00', '18:15:00', '18:20:00', NULL, NULL),
(18, 18, '08:30:00', '11:30:00', '16:05:00', '18:00:00', NULL, NULL),
(19, 19, '06:45:00', '12:15:00', '15:55:00', '19:35:00', NULL, NULL),
(20, 20, '07:25:00', '13:05:00', '17:35:00', '19:15:00', NULL, NULL),
(21, 21, '09:20:00', '14:30:00', '18:25:00', '18:45:00', NULL, NULL),
(22, 22, '08:10:00', '11:45:00', '16:50:00', '19:15:00', NULL, NULL),
(23, 23, '06:35:00', '13:20:00', '17:05:00', '18:30:00', NULL, NULL),
(24, 24, '07:50:00', '14:10:00', '18:05:00', '18:25:00', NULL, NULL),
(25, 25, '09:15:00', '12:25:00', '15:40:00', '19:45:00', NULL, NULL);

INSERT INTO `halte` (`id`, `nama_halte`, `kabupaten`, `kecamatan`, `created_at`, `updated_at`) 
VALUES
(1, 'Prambanan', 'Sleman', 'Prambanan', NULL, NULL),
(2, 'Kalasan', 'Sleman', 'Kalasan', NULL, NULL),
(3, 'Adi Sutjipto', 'Sleman', 'Depok', NULL, NULL),
(4, 'Maguwoharjo', 'Sleman', 'Depok', NULL, NULL),
(5, 'Janti', 'Sleman', 'Depok', NULL, NULL),
(6, 'UIN Sunan Kalijaga', 'Sleman', 'Depok', NULL, NULL),
(7, 'Demangan', 'Sleman', 'Depok', NULL, NULL),
(8, 'Gramedia', 'Sleman', 'Depok', NULL, NULL),
(9, 'Tugu', 'Kota Yogyakarta', 'Jetis', NULL, NULL),
(10, 'Malioboro', 'Kota Yogyakarta', 'Gedong Tengen', NULL, NULL),
(11, 'Kantor Pos Besar', 'Bantul', 'Gondomanan', NULL, NULL),
(12, 'Gondomanan', 'Kota Yogyakarta', 'Gondomanan', NULL, NULL),
(13, 'Pasar Sentul', 'Kota Yogyakarta', 'Gondokusuman', NULL, NULL),
(14, 'SGM', 'Kota Yogyakarta', 'Gondokusuman', NULL, NULL),
(15, 'Gembira Loka', 'Bantul', 'Umbulharjo', NULL, NULL),
(16, 'Condong Catur', 'Sleman', 'Depok', NULL, NULL),
(17, 'Gejayan', 'Sleman', 'Depok', NULL, NULL),
(18, 'Sanata Dharma', 'Sleman', 'Depok', NULL, NULL),
(19, 'SMA Debrito', 'Sleman', 'Depok', NULL, NULL),
(20, 'Ambarukmo', 'Sleman', 'Depok', NULL, NULL),
(21, 'Jombor', 'Sleman', 'Mlati', NULL, NULL),
(22, 'Gemawang', 'Bantul', 'Mlati', NULL, NULL),
(23, 'Margo Utomo', 'Bantul', 'Jetis', NULL, NULL),
(24, 'Ngampilan', 'Bantul', 'Ngampilan', NULL, NULL),
(25, 'Jokteng Wetan', 'Bantul', 'Kraton', NULL, NULL),
(26, 'Tungkak', 'Bantul', 'Mantrijeron', NULL, NULL),
(27, 'Gambiran', 'Bantul', 'Umbulharjo', NULL, NULL),
(28, 'Basen', 'Bantul', 'Kotagede', NULL, NULL),
(29, 'Rejowinangun', 'Kota Yogyakarta', 'Kotagede', NULL, NULL),
(30, 'Pringgolayan', 'Bantul', 'Umbulharjo', NULL, NULL),
(31, 'Cendana', 'Bantul', 'Gondokusuman', NULL, NULL),
(32, 'Mandala Krida', 'Bantul', 'Umbulharjo', NULL, NULL),
(33, 'Gayam', 'Bantul', 'Gondokusuman', NULL, NULL),
(34, 'Lempuyangan', 'Kota Yogyakarta', 'Danurejan', NULL, NULL),
(35, 'Kridosono', 'Kota Yogyakarta', 'Danurejan', NULL, NULL),
(36, 'Duna Wacana', 'Kota Yogyakarta', 'Jetis', NULL, NULL),
(37, 'Galeria', 'Kota Yogyakarta', 'Gondokusuman', NULL, NULL),
(38, 'Yap Eye Hospital', 'Kota Yogyakarta', 'Gondokusuman', NULL, NULL),
(39, 'Bunderan UGM', 'Sleman', 'Depok', NULL, NULL),
(40, 'Colombo', 'Sleman', 'Depok', NULL, NULL),
(41, 'SMPN 1 Yogyakarta', 'Kota Yogyakarta', 'Jetis', NULL, NULL),
(42, 'Cik Di Tiro', 'Kota Yogyakarta', 'Gondokusuman', NULL, NULL),
(43, 'Yos Sudarso', 'Kota Yogyakarta', 'Jetis', NULL, NULL),
(44, 'SMP Kanisius Kota', 'Kota Yogyakarta', 'Jetis', NULL, NULL),
(45, 'Kenari', 'Kota Yogyakarta', 'Umbulharjo', NULL, NULL),
(46, 'Among Rogo Kota', 'Kota Yogyakarta', 'Umbulharjo', NULL, NULL),
(47, 'Kusuma Negara', 'Kota Yogyakarta', 'Umbulharjo', NULL, NULL),
(48, 'Gedong Kuning', 'Kota Yogyakarta', 'Umbulharjo', NULL, NULL),
(49, 'Banguntapan', 'Bantul', 'Banguntapan', NULL, NULL),
(50, 'Jl.Purnomo', 'Bantul', 'Banguntapan', NULL, NULL),
(51, 'SMP 9 Basen', 'Kota Yogyakarta', 'Kotagede', NULL, NULL),
(52, 'PSKY', 'Kota Yogyakarta', 'Umbulharjo', NULL, NULL),
(53, 'Pasar Sepeda Tunjungsari', 'Kota Yogyakarta', 'Umbulharjo', NULL, NULL),
(54, 'Sugiono', 'Kota Yogyakarta', 'Umbulharjo', NULL, NULL),
(55, 'Purawisata', 'Kota Yogyakarta', 'Umbulharjo', NULL, NULL),
(56, 'Tegal Gendu', 'Kota Yogyakarta', 'Kotagede', NULL, NULL),
(57, 'Lapangan Karang', 'Kota Yogyakarta', 'Kotagede', NULL, NULL),
(58, 'JEC', 'Kota Yogyakarta', 'Banguntapan', NULL, NULL),
(59, 'Blok O', 'Bantul', 'Depok', NULL, NULL),
(60, 'Gowok', 'Sleman', 'Depok', NULL, NULL),
(61, 'Pru PU PJN', 'Bantul', 'Depok', NULL, NULL),
(62, 'RRU Instiper', 'Sleman', 'Depok', NULL, NULL),
(63, 'Polsek Depok Timur', 'Sleman', 'Depok', NULL, NULL),
(64, 'UPNVY', 'Sleman', 'Depok', NULL, NULL),
(65, 'Hartono Mall', 'Sleman', 'Depok', NULL, NULL),
(66, 'Tegal Turi', 'Kota Yogyakarta', 'Umbulharjo', NULL, NULL),
(67, 'Nitikan', 'Kota Yogyakarta', 'Umbulharjo', NULL, NULL),
(68, 'Widya Wiwaha', 'Kota Yogyakarta', 'Umbulharjo', NULL, NULL),
(69, 'PA Muhammadiyah', 'Kota Yogyakarta', 'Umbulharjo', NULL, NULL),
(70, 'Brontokusuman', 'Kota Yogyakarta', 'Mergangsan', NULL, NULL),
(71, 'Pasar Gading', 'Kota Yogyakarta', 'Mergangsan', NULL, NULL),
(72, 'SMAN 7 Yogyakarta', 'Kota Yogyakarta', 'Mergangsan', NULL, NULL),
(73, 'Tejokusuman', 'Kota Yogyakarta', 'Mergangsan', NULL, NULL),
(74, 'Ngabean', 'Kota Yogyakarta', 'Ngampilan', NULL, NULL),
(75, 'KHA Dahlan 2', 'Kota Yogyakarta', 'Ngampilan', NULL, NULL),
(76, 'Bhayangkara', 'Kota Yogyakarta', 'Ngampilan', NULL, NULL),
(77, 'Pasar Pathuk', 'Kota Yogyakarta', 'Ngampilan', NULL, NULL),
(78, 'Gandekan Dagen', 'Kota Yogyakarta', 'Ngampilan', NULL, NULL),
(79, 'Jlagran Lor', 'Kota Yogyakarta', 'Ngampilan', NULL, NULL),
(80, 'Perpusda Samsat', 'Kota Yogyakarta', 'Danurejan', NULL, NULL),
(81, 'SMP N 14 Yogyakarta', 'Kota Yogyakarta', 'Pakualaman', NULL, NULL),
(82, 'Sudirman', 'Kota Yogyakarta', 'Jetis', NULL, NULL),
(83, 'Panti Rapih', 'Kota Yogyakarta', 'Jetis', NULL, NULL),
(84, 'Pertanian UGM', 'Sleman', 'Depok', NULL, NULL),
(85, 'Fak. Peternakan UGM', 'Sleman', 'Depok', NULL, NULL),
(86, 'Urip Sumoharjo', 'Kota Yogyakarta', 'Gondokusuman', NULL, NULL),
(87, 'Galeria Mall', 'Kota Yogyakarta', 'Gondokusuman', NULL, NULL),
(88, 'Lembah UGM', 'Sleman', 'Depok', NULL, NULL),
(89, 'Polsek Bulaksumur', 'Sleman', 'Depok', NULL, NULL),
(90, 'Fakultas Biologi UGM', 'Sleman', 'Depok', NULL, NULL),
(91, 'Joglo Semar', 'Kota Yogyakarta', 'Gedong Tengen', NULL, NULL),
(92, 'TVRI', 'Kota Yogyakarta', 'Gedong Tengen', NULL, NULL),
(93, 'Diamond Baru', 'Kota Yogyakarta', 'Gedong Tengen', NULL, NULL),
(94, 'Borobudur Plaza', 'Kota Yogyakarta', 'Gedong Tengen', NULL, NULL),
(95, 'Wolter Monginsidi', 'Kota Yogyakarta', 'Gedong Tengen', NULL, NULL),
(96, 'Monjali', 'Kota Yogyakarta', 'Jetis', NULL, NULL),
(97, 'Teknik UGM', 'Sleman', 'Depok', NULL, NULL),
(98, 'MM EP UGM', 'Sleman', 'Depok', NULL, NULL),
(99, 'Hotel Vidi Jakal', 'Sleman', 'Depok', NULL, NULL),
(100, 'Kentungan', 'Sleman', 'Depok', NULL, NULL),
(101, 'BTN', 'Sleman', 'Depok', NULL, NULL),
(102, 'JIH', 'Sleman', 'Depok', NULL, NULL),
(103, 'STIKES Guna Bangsa', 'Sleman', 'Depok', NULL, NULL),
(104, 'YKPN', 'Sleman', 'Depok', NULL, NULL),
(105, 'SMPN 4 Depok', 'Sleman', 'Depok', NULL, NULL),
(106, 'Ambarketawang', 'Sleman', 'Gamping', NULL, NULL),
(107, 'RS PKU Muhammadiyah Gamping', 'Sleman', 'Gamping', NULL, NULL),
(108, 'Bayeman', 'Sleman', 'Gamping', NULL, NULL),
(109, 'IKIP PGRI', 'Sleman', 'Gamping', NULL, NULL),
(110, 'Mualimin', 'Sleman', 'Gamping', NULL, NULL),
(111, 'UMY', 'Bantul', 'Kasihan', NULL, NULL),
(112, 'Universitas Alma Ata', 'Bantul', 'Kasihan', NULL, NULL),
(113, 'Klinik Anugrah', 'Bantul', 'Kasihan', NULL, NULL),
(114, 'Simpang Diklat', 'Bantul', 'Kasihan', NULL, NULL),
(115, 'Madu Candhya', 'Bantul', 'Kasihan', NULL, NULL),
(116, 'RSI Hidayatullah', 'Bantul', 'Kasihan', NULL, NULL),
(117, 'Masjid Panembahan', 'Bantul', 'Kasihan', NULL, NULL),
(118, 'Ki Penjawi', 'Bantul', 'Kasihan', NULL, NULL),
(119, 'Wisma Martha', 'Bantul', 'Kasihan', NULL, NULL),
(120, 'Ketandan', 'Kota Yogyakarta', 'Gondomanan', NULL, NULL),
(121, 'SPBU Dukuh', 'Kota Yogyakarta', 'Umbulharjo', NULL, NULL),
(122, 'Nogotirto', 'Sleman', 'Gamping', NULL, NULL),
(123, 'ATK Yogyakarta', 'Sleman', 'Gamping', NULL, NULL),
(124, 'Salakan Baru', 'Sleman', 'Gamping', NULL, NULL),
(125, 'Jogokaryan', 'Kota Yogyakarta', 'Mantrijeron', NULL, NULL);

INSERT INTO `pengaduan` (`id`, `id_pengguna`, `pesan`, `tanggal_pengaduan`, `dokumen`, `topik`, `created_at`, `updated_at`) 
VALUES
(1, 47, 'Bis Kotor', '2023-12-31 10:00:00', 'foto1.jpg', 'transportasi', NULL, NULL),
(2, 81, 'Terlambat', '2024-01-01 10:00:00', 'foto2.jpg', 'jadwal', NULL, NULL),
(3, 12, 'Jalur Salah', '2024-01-02 10:00:00', 'foto3.jpg', 'rute', NULL, NULL),
(4, 36, 'Pembayaran', '2024-01-03 10:00:00', 'foto4.jpg', 'pembayaran', NULL, NULL),
(5, 53, 'Halte Rusak', '2024-01-04 10:00:00', 'foto5.jpg', 'halte', NULL, NULL),
(6, 17, 'Pelayanan Buruk', '2024-01-05 10:00:00', 'foto6.jpg', 'transportasi', NULL, NULL),
(7, 95, 'Bis Bau', '2024-01-06 10:00:00', 'foto7.jpg', 'transportasi', NULL, NULL),
(8, 64, 'Sopir Ugal-ugalan', '2024-01-07 10:00:00', 'foto8.jpg', 'transportasi', NULL, NULL),
(9, 8, 'Kursi Kotor', '2024-01-08 10:00:00', 'foto9.jpg', 'transportasi', NULL, NULL),
(10, 29, 'Terlambat', '2024-01-09 10:00:00', 'foto10.jpg', 'jadwal', NULL, NULL),
(11, 72, 'Jalur Tidak Sesuai', '2024-01-10 10:00:00', 'foto11.jpg', 'rute', NULL, NULL),
(12, 42, 'Pembayaran Error', '2024-01-11 10:00:00', 'foto12.jpg', 'pembayaran', NULL, NULL),
(13, 88, 'Halte Kotor', '2024-01-12 10:00:00', 'foto13.jpg', 'halte', NULL, NULL),
(14, 6, 'Bis Terlambat', '2024-01-13 10:00:00', 'foto14.jpg', 'jadwal', NULL, NULL),
(15, 31, 'Pelayanan Kurang Ramah', '2024-01-14 10:00:00', 'foto15.jpg', 'transportasi', NULL, NULL),
(16, 24, 'Halte Berantakan', '2024-01-15 10:00:00', 'foto16.jpg', 'halte', NULL, NULL),
(17, 51, 'Bis Ugal-ugalan', '2024-01-16 10:00:00', 'foto17.jpg', 'transportasi', NULL, NULL),
(18, 77, 'Kursi Robek', '2024-01-17 10:00:00', 'foto18.jpg', 'transportasi', NULL, NULL),
(19, 56, 'Terlambat', '2024-01-18 10:00:00', 'foto19.jpg', 'jadwal', NULL, NULL),
(20, 85, 'Halte Tidak Nyaman', '2024-01-19 10:00:00', 'foto20.jpg', 'halte', NULL, NULL),
(21, 19, 'Bis Bau', '2024-01-31 10:00:00', 'foto21.jpg', 'transportasi', NULL, NULL),
(22, 94, 'Pembayaran Error', '2024-02-01 10:00:00', 'foto22.jpg', 'pembayaran', NULL, NULL),
(23, 14, 'Jalur Salah', '2024-02-02 10:00:00', 'foto23.jpg', 'rute', NULL, NULL),
(24, 65, 'Halte Kotor', '2024-02-03 10:00:00', 'foto24.jpg', 'halte', NULL, NULL),
(25, 73, 'Terlambat', '2024-02-04 10:00:00', 'foto25.jpg', 'jadwal', NULL, NULL),
(26, 32, 'Pelayanan Buruk', '2024-02-05 10:00:00', 'foto26.jpg', 'transportasi', NULL, NULL),
(27, 41, 'Kursi Kotor', '2024-02-06 10:00:00', 'foto27.jpg', 'transportasi', NULL, NULL),
(28, 62, 'Jalur Tidak Sesuai', '2024-02-07 10:00:00', 'foto28.jpg', 'rute', NULL, NULL),
(29, 80, 'Pembayaran', '2024-02-08 10:00:00', 'foto29.jpg', 'pembayaran', NULL, NULL),
(30, 9, 'Bis Kotor', '2024-02-09 10:00:00', 'foto30.jpg', 'transportasi', NULL, NULL),
(31, 67, 'Halte Rusak', '2024-02-10 10:00:00', 'foto31.jpg', 'halte', NULL, NULL),
(32, 21, 'Pelayanan Kurang Ramah', '2024-02-11 10:00:00', 'foto32.jpg', 'transportasi', NULL, NULL),
(33, 3, 'Sopir Ugal-ugalan', '2024-02-12 10:00:00', 'foto33.jpg', 'transportasi', NULL, NULL),
(34, 39, 'Terlambat', '2024-02-13 10:00:00', 'foto34.jpg', 'jadwal', NULL, NULL),
(35, 5, 'Halte Tidak Nyaman', '2024-02-14 10:00:00', 'foto35.jpg', 'halte', NULL, NULL);
